{
  "version": "https://jsonfeed.org/version/1",
  "title": "JavaScriptization ⚡",
  "home_page_url": "https://javascriptization.com/",
  "feed_url": "https://javascriptization.com/feed/feed.json",
  "description": "Writing about JavaScript.",
  "author": {
    "name": "Ivan Bunčić",
    "url": "https://javascriptization.com/about-me/"
  },
  "items": [{
      "id": "https://javascriptization.com/posts/2021-01-07-what-on-earth-is-a-variable-in-javascript/",
      "url": "https://javascriptization.com/posts/2021-01-07-what-on-earth-is-a-variable-in-javascript/",
      "title": "What on earth is a variable in JavaScript?",
      "content_html": "<h3 id=\"drawer-or-something-else%3F\">Drawer or something else? <a class=\"direct-link\" href=\"#drawer-or-something-else%3F\">#</a></h3>\n<pre class=\"language-js\"><code class=\"language-js\"><span class=\"highlight-line\"><span class=\"token comment\">// Creating a variable with var keyword</span></span><br><span class=\"highlight-line\"></span><br><span class=\"highlight-line\"><span class=\"token keyword\">var</span> number <span class=\"token operator\">=</span> <span class=\"token number\">5</span><span class=\"token punctuation\">;</span></span><br><span class=\"highlight-line\"><span class=\"token keyword\">var</span> <span class=\"token function-variable function\">func</span> <span class=\"token operator\">=</span> <span class=\"token keyword\">function</span><span class=\"token punctuation\">(</span><span class=\"token punctuation\">)</span> <span class=\"token punctuation\">{</span></span><br><span class=\"highlight-line\">\t<span class=\"token keyword\">return</span> number<span class=\"token punctuation\">;</span></span><br><span class=\"highlight-line\"><span class=\"token punctuation\">}</span></span><br><span class=\"highlight-line\"><span class=\"token keyword\">var</span> stringy <span class=\"token operator\">=</span> <span class=\"token string\">'Hi I\\'m stringy'</span><span class=\"token punctuation\">;</span></span><br><span class=\"highlight-line\"></span><br><span class=\"highlight-line\"><span class=\"token keyword\">var</span> stringy2 <span class=\"token operator\">=</span> <span class=\"token string\">\"Hy I'm stringy2\"</span><span class=\"token punctuation\">;</span></span><br><span class=\"highlight-line\"></span><br><span class=\"token keyword\">var</span> stringy3 <span class=\"token operator\">=</span> <span class=\"token template-string\"><span class=\"token template-punctuation string\">`</span><span class=\"token string\">String that has special powers, I could <br><span class=\"highlight-line\">dinamically embed whatever I want, I could write multi rows,  </span><br><span class=\"highlight-line\">number from above </span><span class=\"token interpolation\"><span class=\"token interpolation-punctuation punctuation\">${</span>number<span class=\"token interpolation-punctuation punctuation\">}</span></span><span class=\"token string\"> or stringy \"</span><span class=\"token interpolation\"><span class=\"token interpolation-punctuation punctuation\">${</span>stringy<span class=\"token interpolation-punctuation punctuation\">}</span></span><span class=\"token string\">\". I could </span><br>even calculate inside of it, like number * 2 = </span><span class=\"token interpolation\"><span class=\"token interpolation-punctuation punctuation\">${</span> number <span class=\"token operator\">*</span> <span class=\"token number\">2</span> <span class=\"token interpolation-punctuation punctuation\">}</span></span><span class=\"token template-punctuation string\">`</span></span><span class=\"token punctuation\">;</span><br><span class=\"highlight-line\">console<span class=\"token punctuation\">.</span><span class=\"token function\">log</span><span class=\"token punctuation\">(</span>stringy3<span class=\"token punctuation\">)</span><span class=\"token punctuation\">;</span></span><br><span class=\"highlight-line\"><span class=\"token comment\">// Creating a varibale with let keyword</span></span><br><span class=\"highlight-line\"></span><br><span class=\"highlight-line\"><span class=\"token comment\">// Creating a variable with const keyword</span></span><br><span class=\"highlight-line\"></span><br><span class=\"highlight-line\"></span></code></pre>\n",
      "date_published": "2021-01-07T01:00:00+01:00"
    }
  ]
}
