<?xml version="1.0" encoding="utf-8"?>
<feed xmlns="http://www.w3.org/2005/Atom">
	<title>JavaScriptization ⚡</title>
	<subtitle>Blogging all things JavaScript.</subtitle>
	
	<link href="https://javascriptization.com/feed/feed.xml" rel="self"/>
	<link href="https://javascriptization.com/"/>
	<updated>2021-01-07T01:00:00+01:00</updated>
	<id>https://javascriptization.com/</id>
	<author>
		<name>Ivan Bunčić</name>
		<email>ivan@triplsi.com</email>
	</author>
	
	<entry>
		<title>What on earth is a variable in JavaScript?</title>
		<link href="https://javascriptization.com/posts/2021-01-07-what-on-earth-is-a-variable-in-javascript/"/>
		<updated>2021-01-07T01:00:00+01:00</updated>
		<id>https://javascriptization.com/posts/2021-01-07-what-on-earth-is-a-variable-in-javascript/</id>
		<content type="html">&lt;h3 id=&quot;drawer-or-something-else%3F&quot;&gt;Drawer or something else? &lt;a class=&quot;direct-link&quot; href=&quot;#drawer-or-something-else%3F&quot;&gt;#&lt;/a&gt;&lt;/h3&gt;
&lt;pre class=&quot;language-js&quot;&gt;&lt;code class=&quot;language-js&quot;&gt;&lt;span class=&quot;highlight-line&quot;&gt;&lt;span class=&quot;token comment&quot;&gt;// Creating a variable with var keyword&lt;/span&gt;&lt;/span&gt;&lt;br&gt;&lt;span class=&quot;highlight-line&quot;&gt;&lt;/span&gt;&lt;br&gt;&lt;span class=&quot;highlight-line&quot;&gt;&lt;span class=&quot;token keyword&quot;&gt;var&lt;/span&gt; number &lt;span class=&quot;token operator&quot;&gt;=&lt;/span&gt; &lt;span class=&quot;token number&quot;&gt;5&lt;/span&gt;&lt;span class=&quot;token punctuation&quot;&gt;;&lt;/span&gt;&lt;/span&gt;&lt;br&gt;&lt;span class=&quot;highlight-line&quot;&gt;&lt;span class=&quot;token keyword&quot;&gt;var&lt;/span&gt; &lt;span class=&quot;token function-variable function&quot;&gt;func&lt;/span&gt; &lt;span class=&quot;token operator&quot;&gt;=&lt;/span&gt; &lt;span class=&quot;token keyword&quot;&gt;function&lt;/span&gt;&lt;span class=&quot;token punctuation&quot;&gt;(&lt;/span&gt;&lt;span class=&quot;token punctuation&quot;&gt;)&lt;/span&gt; &lt;span class=&quot;token punctuation&quot;&gt;{&lt;/span&gt;&lt;/span&gt;&lt;br&gt;&lt;span class=&quot;highlight-line&quot;&gt;	&lt;span class=&quot;token keyword&quot;&gt;return&lt;/span&gt; number&lt;span class=&quot;token punctuation&quot;&gt;;&lt;/span&gt;&lt;/span&gt;&lt;br&gt;&lt;span class=&quot;highlight-line&quot;&gt;&lt;span class=&quot;token punctuation&quot;&gt;}&lt;/span&gt;&lt;/span&gt;&lt;br&gt;&lt;span class=&quot;highlight-line&quot;&gt;&lt;span class=&quot;token keyword&quot;&gt;var&lt;/span&gt; stringy &lt;span class=&quot;token operator&quot;&gt;=&lt;/span&gt; &lt;span class=&quot;token string&quot;&gt;&#39;Hi I\&#39;m stringy&#39;&lt;/span&gt;&lt;span class=&quot;token punctuation&quot;&gt;;&lt;/span&gt;&lt;/span&gt;&lt;br&gt;&lt;span class=&quot;highlight-line&quot;&gt;&lt;/span&gt;&lt;br&gt;&lt;span class=&quot;highlight-line&quot;&gt;&lt;span class=&quot;token keyword&quot;&gt;var&lt;/span&gt; stringy2 &lt;span class=&quot;token operator&quot;&gt;=&lt;/span&gt; &lt;span class=&quot;token string&quot;&gt;&quot;Hy I&#39;m stringy2&quot;&lt;/span&gt;&lt;span class=&quot;token punctuation&quot;&gt;;&lt;/span&gt;&lt;/span&gt;&lt;br&gt;&lt;span class=&quot;highlight-line&quot;&gt;&lt;/span&gt;&lt;br&gt;&lt;span class=&quot;token keyword&quot;&gt;var&lt;/span&gt; stringy3 &lt;span class=&quot;token operator&quot;&gt;=&lt;/span&gt; &lt;span class=&quot;token template-string&quot;&gt;&lt;span class=&quot;token template-punctuation string&quot;&gt;`&lt;/span&gt;&lt;span class=&quot;token string&quot;&gt;String that has special powers, I could &lt;br&gt;&lt;span class=&quot;highlight-line&quot;&gt;dinamically embed whatever I want, I could write multi rows,  &lt;/span&gt;&lt;br&gt;&lt;span class=&quot;highlight-line&quot;&gt;number from above &lt;/span&gt;&lt;span class=&quot;token interpolation&quot;&gt;&lt;span class=&quot;token interpolation-punctuation punctuation&quot;&gt;${&lt;/span&gt;number&lt;span class=&quot;token interpolation-punctuation punctuation&quot;&gt;}&lt;/span&gt;&lt;/span&gt;&lt;span class=&quot;token string&quot;&gt; or stringy &quot;&lt;/span&gt;&lt;span class=&quot;token interpolation&quot;&gt;&lt;span class=&quot;token interpolation-punctuation punctuation&quot;&gt;${&lt;/span&gt;stringy&lt;span class=&quot;token interpolation-punctuation punctuation&quot;&gt;}&lt;/span&gt;&lt;/span&gt;&lt;span class=&quot;token string&quot;&gt;&quot;. I could &lt;/span&gt;&lt;br&gt;even calculate inside of it, like number * 2 = &lt;/span&gt;&lt;span class=&quot;token interpolation&quot;&gt;&lt;span class=&quot;token interpolation-punctuation punctuation&quot;&gt;${&lt;/span&gt; number &lt;span class=&quot;token operator&quot;&gt;*&lt;/span&gt; &lt;span class=&quot;token number&quot;&gt;2&lt;/span&gt; &lt;span class=&quot;token interpolation-punctuation punctuation&quot;&gt;}&lt;/span&gt;&lt;/span&gt;&lt;span class=&quot;token template-punctuation string&quot;&gt;`&lt;/span&gt;&lt;/span&gt;&lt;span class=&quot;token punctuation&quot;&gt;;&lt;/span&gt;&lt;br&gt;&lt;span class=&quot;highlight-line&quot;&gt;console&lt;span class=&quot;token punctuation&quot;&gt;.&lt;/span&gt;&lt;span class=&quot;token function&quot;&gt;log&lt;/span&gt;&lt;span class=&quot;token punctuation&quot;&gt;(&lt;/span&gt;stringy3&lt;span class=&quot;token punctuation&quot;&gt;)&lt;/span&gt;&lt;span class=&quot;token punctuation&quot;&gt;;&lt;/span&gt;&lt;/span&gt;&lt;br&gt;&lt;span class=&quot;highlight-line&quot;&gt;&lt;span class=&quot;token comment&quot;&gt;// Creating a varibale with let keyword&lt;/span&gt;&lt;/span&gt;&lt;br&gt;&lt;span class=&quot;highlight-line&quot;&gt;&lt;/span&gt;&lt;br&gt;&lt;span class=&quot;highlight-line&quot;&gt;&lt;span class=&quot;token comment&quot;&gt;// Creating a variable with const keyword&lt;/span&gt;&lt;/span&gt;&lt;br&gt;&lt;span class=&quot;highlight-line&quot;&gt;&lt;/span&gt;&lt;br&gt;&lt;span class=&quot;highlight-line&quot;&gt;&lt;/span&gt;&lt;/code&gt;&lt;/pre&gt;
</content>
	</entry>
</feed>
